Conselheiros,código do conselheiro,Quando entrou,Indicado por quem?,Quando saiu,Bio resumida,Links de referência,Onde trabalhava antes,Onde foi trabalhar depois,FOTO,Afinidade Partidária,Cargos Políticos,Parentes com relações 
Renato Navarro Guerreiro,1,05/11/1997,FHC,05/11/2000,Engenheiro eletricista com especialização em Telecomunicações pela Pontifícia Universidade Católica do Rio de Janeiro (PUC-RJ),http://www.anatel.gov.br/Portal/exibirPortalNivelDois.do?org.apache.struts.taglib.html.TOKEN=30a36cf988257c24465a9efc2cc75fd5&acao=carregaCombos&codItemCanal=1012&nomeVisao=&nomeCanal=&nomeItemCanal=&nomePastaSelecionada=Renato+Navarro+Guerreiro&nomePastaNivelDoisSelecionada=&pastaSelecionada=1444&conjuntoPalavrasPesquisa=&pastaSelecionadaCopia=&especieSelecionadaCopia=&especialidadeSelecionadaCopia=&palavraCopia=&numeroCopia=&mesCopia=&anoCopia=,"Foi secretário-executivo, secretário de serviços de comunicações e diretor do departamento de Tarifas da Secretaria de Serviços de Comunicações do Minicom. No Sistema Telebrás, foi Presidente do Conselho de Administração, da Telepará, da Telesp, da Telesc e da Telebrasília. Membro do Conselho de Administração da ECT, da Telebrás e da Telpe.","Fundou uma consultoria, a Guerreiro Consult, dedicada a prestar serviços às operadoras. Morreu em 2011. ",https://blogdogersonnogueira.files.wordpress.com/2011/02/foto-rg.jpg,,,
Luiz Francisco Tenório Perrone,2,05/11/1997,FHC,05/11/2001,"Natural de São Paulo, é graduado em Engenharia Eletrônica pelo Instituto Tecnológico de Aeronáutica de São José dos Campos (São Paulo), com cursos de extensão na França, Holanda e Estados Unidos. ",,"Passou por Telefunken do Brasil, Rhode und Schwarz (Alemanha) e foi diretor de serviços e presidente substituto da Embratel. Ocupou cargos diretivos na Intelsat, em Washington (EUA). A partir de 2005, foi vice-presidente de assuntos regulatórios da Brasil Telecom. Fez parte das diretorias da Abrasat e da Telebrasil.",,http://www.aeitaonline.com.br/wiki/images/d/d0/LuizPerrone.jpg,,,
José Leite Pereira Filho,3,05/11/1997,FHC,05/11/2002,"Engenheiro de telecomunicações pela PUC-RJ. Mestre e PhD em engenharia de telecomunicações pela Naval Postgraduate School, EUA.",http://www.teleco.com.br/colaborador/jose_leite_pereira.asp,Foi chefe do Departamento Técnico da Diretoria de Armamento e Comunicações da Marinha e  chefe da Divisão de Transmissão do COP na Embratel. Foi conselheiro do UIT na Suíça.,,http://memoria.ebc.com.br/agenciabrasil/sites/_agenciabrasil/files/gallery_assist/3/gallery_assist639905/425c253e39171.jpg,,,
Leonel Mário Leonel Neto,4,05/11/1997,FHC,18/12/1998,"Formado em engenharia de Produção, pela Universidade Federal do Rio de Janeiro
(UFRJ), e de Eletrônica, pela Universidade George Washington, em Washington
(EUA).",http://www.teletime.com.br/18/12/1998/mario-leonel-deixa-conselho-da-anatel-e-vai-para-intelsat/tt/23920/news.aspx,,Renunciou ao cargo de conselheiro em dezembro de 2008 para assumir a vice-presidência de desenvolvimento corporativo do Intelsat.,http://anatelsite.anatel.gov.br/Portal/documentos/biblioteca/releases/2001/anexo_release_04_12_2001(5).jpg?numeroPublicacao=32611&assuntoPublicacao=Foto%20M%E1rio%20Leonel&caminhoRel=null,,,
Luiz Tito Cerasoli,5,05/11/1997,FHC,05/11/2003,Formado em engenharia das telecomunicações,http://www.anatel.gov.br/Portal/exibirPortalPaginaEspecial.do?org.apache.struts.taglib.html.TOKEN=d7600b768146d623b5d5c04b9e74e022&acao=carregaPasta&codItemCanal=1012&pastaSelecionada=1441,"Trabalhou na Standard Eletric (1972 a 1978), na Telesp (1978 a 1983), na Vésper e na Embratel (1983 a 1995). Daí foi para o Ministério das Comunicações, onde  foi diretor de tarifas e preços.","Desde fevereiro de 2008, presidente na Cerasoli Telecomunicações Ldta. ",https://imgur.com/7P9hw3C,,,
Antônio Carlos Valente da Silva,6,05/11/1997,FHC,05/11/2004,"Nascido em 07/06/52 no Rio de Janeiro (RJ), é engenheiro eletricista  e pós-graduado em Administração pela PUC-RJ.",https://pt.wikipedia.org/wiki/Ant%C3%B4nio_Carlos_Valente,"Telesp, Vivo","Telesp, Vivo. Assessor Especial do Ministro das Comunicações (1997). Membro das comissões de avaliação da União Internacional de Telecomunicações (UIT). No Sistema Telebrás foi Gerente do Departamento de Planejamento Técnico da Telebrás e da Telerj, Chefe do Departamento de Planejamento e Chefe do Departamento de Transmissão e Rede Externa da  Cetel. Presidente do Conselho de Administração da Telest, Membro do Conselho de Administração da Telest e Presidente do Grupo de Telecomunicações do Plano Estratégico da Cidade do Rio de Janeiro. ",http://newsrondonia.com.br/imagensNoticias/image/antonio%20carlos%20valente(1).jpg,,,
Elifas Chaves Gurgel do Amaral,7,05/11/2004,Lula,05/11/2005,"Nascido em Fortaleza, é formado em engenharia da computação pelo IME-RJ e pós-graduado em redes de computadores pela Universidade Católica de Brasília (UCB).",http://www.anatel.gov.br/Portal/exibirPortalPaginaEspecial.do?org.apache.struts.taglib.html.TOKEN=48f6b47ef299976cf0ebec1b2f032f2f&acao=carregaPasta&codItemCanal=1012&pastaSelecionada=1443,"IMA - Informática de Munícipios Associados S.A
Telebrás
Sinttel (Sindicato dos Trabalhadores em Telecomunicações) 
Fittel (Federação dos Trabalhadores em Empresas de Telecomunicações)",,http://reciclavelxdescartavel.files.wordpress.com/2011/07/goleletrico_0607201111.jpg?w=450&h=337,,"ex-secretário de Telecomunicações do Ministério das Comunicações 
ex-presidente da Anatel",
Luiz Guilherme Schymura de Oliveira,8,02/05/2002,FHC,05/11/2005,"Carioca, é engenheiro eletricista/sistemas formado na PUC do Rio de Janeiro, em 1983. Dois anos depois, tornou-se mestre em Economia pela Escola de Pós-graduação em Economia da Fundação Getúlio Vargas. Concluiu, em 1989, o doutoramento em Economia, também pela Fundação Getúlio Vargas; em 1990, o de pós-doutoramento em Economia, nos Estados Unidos, pela The Wharton School of the University of Pennsylvania. De 1997 até ser indicado conselheiro e presidente da Anatel, ",,"foi diretor da FGV Consulting. Antes  ocupou, entre outros cargos, os de consultor da Kolynos do Brasil, consultor do Banco Mundial e editor da Revista de Econometria. Participou, também, como coordenador, de diversas pesquisas para a Agência Nacional de Petróleo, Furnas e para o Banco Interamericano de Desenvolvimento (BID. ",,http://epge.fgv.br/sites/default/files/2022_tn.jpeg?1319028213,,,
Renato Navarro Guerreiro (mandato 2),,05/11/2000,FHC,05/11/2005,,,,,,,,
Luis Alberto da Silva,9,06/12/2001,FHC (Pimenta da Veiga),05/11/2006,"Formado pela Faculdade de Direito da UFMG em 1962. Dois anos depois, finalizou seu mestrado na mesma faculdade",http://www.anatel.gov.br/Portal/exibirPortalPaginaEspecial.do?org.apache.struts.taglib.html.TOKEN=994514acc3c973523b34de368199f29e&acao=carregaPasta&codItemCanal=1012&pastaSelecionada=1442,,,http://www12.senado.gov.br/jornal/edicoes/2002/03/06/imagens/imagem3103,,,
José Leite Pereira Filho (mandato 2),,27/08/2002,FHC,05/11/2007,,,,,,,,
Pedro Jaime Ziller,10,05/11/2003,Lula,05/11/2008,"Engenheiro eletricista formado em 1969 pela Universidade Federal de Minas Gerais (UFMG), com extensão universitária pela PUC-RJ e pela UFMG",http://www.anatel.gov.br/Portal/exibirPortalPaginaEspecial.do?org.apache.struts.taglib.html.TOKEN=d2994e932f8d82593407c8b27926bdd0&acao=carregaPasta&codItemCanal=1012&pastaSelecionada=2536,,,http://memoria.ebc.com.br/agenciabrasil/sites/_agenciabrasil/files/gallery_assist/3/gallery_assist637888/prev/1357EF0196.jpg,,,
Plinio Aguiar Junior,11,05/11/2004,Lula,05/11/2009,"É engenheiro eletrônico graduado pela Pontifícia Universidade Católica do Rio de Janeiro (PUC-RJ) em 1967. Nasceu em Fortaleza (CE).  

",,"Ex-diretor do Departamento de Indústria, Ciência e Tecnologia do Ministério das Comunicações, entre 1975 e 2002 trabalhou na implantação da área de comunicação de dados, no planejamento de longo prazo da área de desenvolvimento e no programa de qualidade corporativa da Embratel. Foi assessor especial do ministro das Comunicações entre 1979 e 1985, atuando na área de regulamentação de comunicação de dados. Foi governor do International Council for Computer Communication (ICCC) e fez parte do conselho editorial internacional da publicação inglesa Telecommunications Policy.  Foi membro do Conselho Técnico da 
Confederação Nacional do Comércio (CNC) e membro-convidado da equipe que  desenvolveu a tecnologia de comutação de dados no Centre National d'Études des Télécommunications (organismo da France Télècom).  Exerceu a presidência da Anatel de 7/7/2006 a 30/6/2007. ",,http://memoria.ebc.com.br/agenciabrasil/sites/_agenciabrasil/files/gallery_assist/3/gallery_assist637888/prev/1357EF0203.jpg,,,
Antônio Domingos Teixeira Bedran,12,14/05/2007,Lula,05/11/2010,"Nasceu em Barbacena (MG) em 16 de dezembro de 1945. É graduado pela Faculdade de Direito da Universidade Federal de Minas Gerais e 
pós-graduado em Direito de Empresa pela Fundação Dom Cabral. ",http://www1.folha.uol.com.br/fsp/dinheiro/fi0306200211.htm *Contrato com advogados abre crise em tele),"Foi assessor legislativo na Assembléia Legislativa de Minas Gerais e, no Sistema Telebrás, presidiu os conselhos de Administração da Embratel e da Telemig. Foi membro efetivo, por oito anos consecutivos, da Comissão de Jurisperitos do Intelsat, em Washington (USA). No Governo Federal, foi consultor jurídico do Ministério das Comunicações, de 15 de abril de  1994 a 27 de agosto de 1998, quando assumiu como procurador-geral da Agência, cargo que ocupou até ser nomeado conselheiro.",Possui o escritório jurídico Antônio Domingos Teixeira Bedran & Advogados Associados,http://www.anatel.gov.br/Portal/documentos/imagem/1193874270709.jpg,,,
Ronaldo Mota Sardenberg,13,02/07/2007,Lula,05/11/2011,"Formou-se  pela Faculdade Nacional de Direito - Universidade do Brasil (RJ), em 1963.  Foi aprovado em concurso pelo Instituto Rio Branco (IRBr), em janeiro de 1964, e promovido por merecimento ao longo da Carreira Diplomática.",http://idgnow.com.br/mobilidade/2007/07/02/idgnoticia.2007-07-02.8781434886/,"embaixador do Brasil na Rússia e na Espanha, representante do país na ONU e Ministro da Ciência e Tecnologia",,http://memoria.ebc.com.br/agenciabrasil/sites/_agenciabrasil/files/gallery_assist/3/gallery_assist637888/prev/1357EF0144.jpg,,,
Emília Maria Silva Ribeiro,14,01/09/2008,Lula,05/11/2012,"Formada bacharel em Direito pelo Centro Universitário de Brasília (CEUB), fez sua carreira no serviço público, onde ficou mais de trinta anos ocupando cargos ligados a telecomunicações e radiofusão",br.linkedin.com/pub/emilia-maria-silva-ribeiro-curi/3b/25b/2b5,"
Servidora pública federal desde os anos 1980.Funcionária do Senada Federal desde 2006.",Atual chefe de Gabinete da Presidência do Senado Federal - Assessora Tecnica da Presidencia de fevereiro de 2003 a setembro de 2008. ,http://www.sebcoc.com.br/webkit/Imagens/Galeria/6465.jpg,,,
João Batista Rezende,15,17/02/2009,Lula,05/11/2013,"Paranaense, economista formado pela Universidade Estadual de Londrina e mestre em economia pela PUC-SP","http://g1.globo.com/economia/noticia/2011/11/joao-batista-de-rezende-e-nomeado-novo-presidente-da-anatel.html http://economia.estadao.com.br/noticias/geral,joao-batista-de-rezende-e-o-novo-presidente-da-anatel,90493e","Ex-chefe de gabinete do ministro Paulo Bernardo. De 2005 a 2006, foi vice-presidente da Associação Brasileira de Concessionárias de Serviço Telefônico Fixo Comutado (Abrafix). Foi presidente da concessionária de telefonia Sercomtel e da Companhia de Desenvolvimento de Londrina (PR), onde foi secretário da Fazenda e diretor financeiro da Cohab.",,http://exame1.abrilm.com.br/assets/images/2012/7/62472/original_AgenciaBrasil220312VAC_0868.JPG?1395002742,,,
Jarbas José Valente,16,14/01/2010,Lula,05/11/2014,É engenheiro eletrônico e de telecomunicações graduado pela Universidade  de Brasília.,,"Ocupou a chefia da área comercial da Embratel em Brasília, a Presidência de Conselhos de Administração de diversas empresas do Sistema Telebrás e diretorias dos Departamentos de fiscalização e de Outorga de Serviços de Telefonia do Minicom",,http://memoria.ebc.com.br/agenciabrasil/sites/_agenciabrasil/files/gallery_assist/29/gallery_assist663481/24022011-240211FP07.JPG,,,
Marcelo Bechara de Souza Hobaika,17,05/11/2011,Dilma,11/11/2015,"Mineiro, advogado pela Faculdade Milton Campos pós-graduado em Direito da 
Economia e da Empresa pela Fundação Getúlio Vargas (FGV).",,Telecomunicações.,,http://www.pe-et.com.br/arquivos/c_anatel_competicao._1746646580.jpg,,,
Rodrigo Zerbone Loureiro,18,05/11/2011,Dilma,11/11/2016,"Rodrigo Zerbone é advogado, graduado em Direito pela Universidade Federal do Espírito Santo (UFES).",,"Trabalhou como assessor no Superior Tribunal de Justiça - 
STJ (2004/2006), no Conselho Administrativo de Defesa Econômica - Cade (2006/2008), na Casa Civil da Presidência da República (2008/2009) e na Anatel (2009/2010). Foi consultor jurídico do Ministério das Comunicações (2011) e vice-presidente do Conselho Consultivo da Anatel (2011).",,http://memoria.ebc.com.br/agenciabrasil/sites/_agenciabrasil/files/gallery_assist/24/gallery_assist690962/AgenciaBrasil160312ANT_9756.JPG,,,
Igor Vilas Boas de Freitas,19,05/11/2013,Dilma,05/11/2017,"Engenheiro eletrônico pelo ITA, com mestrado em economia pela Universidade de Brasília, em 2013. ",br.linkedin.com/pub/igor-vilas-boas-de-freitas/10/87/268,"Executivo na Siemens, 3Com (1997 a 2000), Nortel, Brasil Telecom e diretor da Indústria e Tecnologia do Minicom. Diretor de Indústria e Tecnologia do Ministério das Comunicações (2005 a 2008), Conselheiro técnico do Senado (2009 a 2013).",,http://static.congressoemfoco.uol.com.br/2013/12/igorGeraldoMagelaAgenciaSenado.jpg,,,
João Batista de Rezende (mandato 2),,05/11/2013,Dilma,05/11/2018,,,,,,,,